# --- Created by Ebean DDL
# To stop Ebean DDL generation, remove this comment and start using Evolutions

# --- !Ups

INSERT INTO `departement` (`departement_code`, `departement_nom`, `departement_nom_uppercase`, `departement_slug`, `departement_nom_soundex`) VALUES
('17', 'Charente-Maritime', 'CHARENTE-MARITIME', 'charente-maritime', 'C6535635'),
('35', 'Ile-et-Vilaine', 'ILE-ET-VILAINE', 'ile-et-vilaine', 'I43145'),
('44', 'Loire-Atlantique', 'LOIRE-ATLANTIQUE', 'loire-atlantique', 'L634532'),
('49', 'Maine-et-Loire', 'MAINE-ET-LOIRE', 'maine-et-loire', 'M346'),
('53', 'Mayenne', 'MAYENNE', 'mayenne', 'M000'),
('56', 'Morbihan', 'MORBIHAN', 'morbihan', 'M615'),
('79', 'Deux-Sèvres', 'DEUX-SÈVRES', 'deux-sevres', 'D2162'),
('85', 'Vendée', 'VENDÉE', 'vendee', 'V530');

INSERT INTO `droits` (`droits_id`,`droits_intitule`) VALUES
(1,'Témoins'),
(2,'Expert'),
(3,'Admin');

INSERT INTO `confidentialite` (`confidentialite_id`,`confidentialite_intitule`,`confidentialite_explication`) VALUES
(1,'Libre','Vous authorisez vos témoignages à être transmis à d''autres associations, être publiés, etc.'),
(2,'Au cas par cas','Vous désirez que l''on vous demande l''autorisation avant chaque publication de vos témoignages'),
(3,'Confidentiel','Vous désirez que vos témoignages restent uniquement dans la base de données de l''AER');

INSERT INTO `utms` (`utm`, `maille20x20`, `maille50x50`, `maille100x100`) VALUES
('WS47', 'WSCD', 'WSNW', 'WS'),
('WS57', 'WSCD', 'WSNE', 'WS'),
('WS68', 'WSDE', 'WSNE', 'WS'),
('WS69', 'WSDE', 'WSNE', 'WS'),
('WS77', 'WSDD', 'WSNE', 'WS'),
('WS78', 'WSDE', 'WSNE', 'WS'),
('WS79', 'WSDE', 'WSNE', 'WS'),
('WS85', 'WSEC', 'WSNE', 'WS'),
('WS86', 'WSED', 'WSNE', 'WS'),
('WS87', 'WSED', 'WSNE', 'WS'),
('WS88', 'WSEE', 'WSNE', 'WS'),
('WS89', 'WSEE', 'WSNE', 'WS'),
('WS94', 'WSEC', 'WSSE', 'WS'),
('WS95', 'WSEC', 'WSNE', 'WS'),
('WS96', 'WSED', 'WSNE', 'WS'),
('WS97', 'WSED', 'WSNE', 'WS'),
('WS98', 'WSEE', 'WSNE', 'WS'),
('WS99', 'WSEE', 'WSNE', 'WS'),
('WT25', 'WTBC', 'WTNW', 'WT'),
('WT33', 'WTBB', 'WTSW', 'WT'),
('WT34', 'WTBC', 'WTSW', 'WT'),
('WT35', 'WTBC', 'WTNW', 'WT'),
('WT41', 'WTCA', 'WTSW', 'WT'),
('WT43', 'WTCB', 'WTSW', 'WT'),
('WT44', 'WTCC', 'WTSW', 'WT'),
('WT45', 'WTCC', 'WTNW', 'WT'),
('WT50', 'WTCA', 'WTSE', 'WT'),
('WT51', 'WTCA', 'WTSE', 'WT'),
('WT52', 'WTCB', 'WTSE', 'WT'),
('WT53', 'WTCB', 'WTSE', 'WT'),
('WT54', 'WTCC', 'WTSE', 'WT'),
('WT55', 'WTCC', 'WTNE', 'WT'),
('WT56', 'WTCD', 'WTNE', 'WT'),
('WT60', 'WTDA', 'WTSE', 'WT'),
('WT61', 'WTDA', 'WTSE', 'WT'),
('WT62', 'WTDB', 'WTSE', 'WT'),
('WT63', 'WTDB', 'WTSE', 'WT'),
('WT64', 'WTDC', 'WTSE', 'WT'),
('WT65', 'WTDC', 'WTNE', 'WT'),
('WT66', 'WTDD', 'WTNE', 'WT'),
('WT67', 'WTDD', 'WTNE', 'WT'),
('WT70', 'WTDA', 'WTSE', 'WT'),
('WT71', 'WTDA', 'WTSE', 'WT'),
('WT72', 'WTDB', 'WTSE', 'WT'),
('WT73', 'WTDB', 'WTSE', 'WT'),
('WT74', 'WTDC', 'WTSE', 'WT'),
('WT75', 'WTDC', 'WTNE', 'WT'),
('WT76', 'WTDD', 'WTNE', 'WT'),
('WT77', 'WTDD', 'WTNE', 'WT'),
('WT78', 'WTDE', 'WTNE', 'WT'),
('WT80', 'WTEA', 'WTSE', 'WT'),
('WT81', 'WTEA', 'WTSE', 'WT'),
('WT82', 'WTEB', 'WTSE', 'WT'),
('WT83', 'WTEB', 'WTSE', 'WT'),
('WT84', 'WTEC', 'WTSE', 'WT'),
('WT85', 'WTEC', 'WTNE', 'WT'),
('WT86', 'WTED', 'WTNE', 'WT'),
('WT87', 'WTED', 'WTNE', 'WT'),
('WT88', 'WTEE', 'WTNE', 'WT'),
('WT90', 'WTEA', 'WTSE', 'WT'),
('WT91', 'WTEA', 'WTSE', 'WT'),
('WT92', 'WTEB', 'WTSE', 'WT'),
('WT93', 'WTEB', 'WTSE', 'WT'),
('WT94', 'WTEC', 'WTSE', 'WT'),
('WT95', 'WTEC', 'WTNE', 'WT'),
('WT96', 'WTED', 'WTNE', 'WT'),
('WT97', 'WTED', 'WTNE', 'WT'),
('WT98', 'WTEE', 'WTNE', 'WT'),
('XS04', 'XSAC', 'XSSW', 'XS'),
('XS05', 'XSAC', 'XSNW', 'XS'),
('XS06', 'XSAD', 'XSNW', 'XS'),
('XS07', 'XSAD', 'XSNW', 'XS'),
('XS08', 'XSAE', 'XSNW', 'XS'),
('XS09', 'XSAE', 'XSNW', 'XS'),
('XS13', 'XSAB', 'XSSW', 'XS'),
('XS14', 'XSAC', 'XSSW', 'XS'),
('XS15', 'XSAC', 'XSNW', 'XS'),
('XS16', 'XSAD', 'XSNW', 'XS'),
('XS17', 'XSAD', 'XSNW', 'XS'),
('XS18', 'XSAE', 'XSNW', 'XS'),
('XS19', 'XSAE', 'XSNW', 'XS'),
('XS23', 'XSBB', 'XSSW', 'XS'),
('XS24', 'XSBC', 'XSSW', 'XS'),
('XS25', 'XSBC', 'XSNW', 'XS'),
('XS26', 'XSBD', 'XSNW', 'XS'),
('XS27', 'XSBD', 'XSNW', 'XS'),
('XS28', 'XSBE', 'XSNW', 'XS'),
('XS29', 'XSBE', 'XSNW', 'XS'),
('XS32', 'XSBB', 'XSSW', 'XS'),
('XS33', 'XSBB', 'XSSW', 'XS'),
('XS34', 'XSBC', 'XSSW', 'XS'),
('XS35', 'XSBC', 'XSNW', 'XS'),
('XS36', 'XSBD', 'XSNW', 'XS'),
('XS37', 'XSBD', 'XSNW', 'XS'),
('XS38', 'XSBE', 'XSNW', 'XS'),
('XS39', 'XSBE', 'XSNW', 'XS'),
('XS43', 'XSCB', 'XSSW', 'XS'),
('XS44', 'XSCC', 'XSSW', 'XS'),
('XS45', 'XSCC', 'XSNW', 'XS'),
('XS46', 'XSCD', 'XSNW', 'XS'),
('XS47', 'XSCD', 'XSNW', 'XS'),
('XS48', 'XSCE', 'XSNW', 'XS'),
('XS49', 'XSCE', 'XSNW', 'XS'),
('XS53', 'XSCB', 'XSSE', 'XS'),
('XS54', 'XSCC', 'XSSE', 'XS'),
('XS55', 'XSCC', 'XSNE', 'XS'),
('XS56', 'XSCD', 'XSNE', 'XS'),
('XS57', 'XSCD', 'XSNE', 'XS'),
('XS58', 'XSCE', 'XSNE', 'XS'),
('XS59', 'XSCE', 'XSNE', 'XS'),
('XS63', 'XSDB', 'XSSE', 'XS'),
('XS64', 'XSDC', 'XSSE', 'XS'),
('XS65', 'XSDC', 'XSNE', 'XS'),
('XS66', 'XSDD', 'XSNE', 'XS'),
('XS67', 'XSDD', 'XSNE', 'XS'),
('XS68', 'XSDE', 'XSNE', 'XS'),
('XS69', 'XSDE', 'XSNE', 'XS'),
('XS73', 'XSDB', 'XSSE', 'XS'),
('XS74', 'XSDC', 'XSSE', 'XS'),
('XS75', 'XSDC', 'XSNE', 'XS'),
('XS76', 'XSDD', 'XSNE', 'XS'),
('XS77', 'XSDD', 'XSNE', 'XS'),
('XS78', 'XSDE', 'XSNE', 'XS'),
('XS83', 'XSEB', 'XSSE', 'XS'),
('XS84', 'XSEC', 'XSSE', 'XS'),
('XS85', 'XSEC', 'XSNE', 'XS'),
('XS86', 'XSED', 'XSNE', 'XS'),
('XS87', 'XSED', 'XSNE', 'XS'),
('XT00', 'XTAA', 'XTSW', 'XT'),
('XT01', 'XTAA', 'XTSW', 'XT'),
('XT02', 'XTAB', 'XTSW', 'XT'),
('XT03', 'XTAB', 'XTSW', 'XT'),
('XT04', 'XTAC', 'XTSW', 'XT'),
('XT05', 'XTAC', 'XTNW', 'XT'),
('XT06', 'XTAD', 'XTNW', 'XT'),
('XT07', 'XTAD', 'XTNW', 'XT'),
('XT08', 'XTAE', 'XTNW', 'XT'),
('XT09', 'XTAE', 'XTNW', 'XT'),
('XT10', 'XTAA', 'XTSW', 'XT'),
('XT11', 'XTAA', 'XTSW', 'XT'),
('XT12', 'XTAB', 'XTSW', 'XT'),
('XT13', 'XTAB', 'XTSW', 'XT'),
('XT14', 'XTAC', 'XTSW', 'XT'),
('XT15', 'XTAC', 'XTNW', 'XT'),
('XT16', 'XTAD', 'XTNW', 'XT'),
('XT17', 'XTAD', 'XTNW', 'XT'),
('XT18', 'XTAE', 'XTNW', 'XT'),
('XT19', 'XTAE', 'XTNW', 'XT'),
('XT20', 'XTBA', 'XTSW', 'XT'),
('XT21', 'XTBA', 'XTSW', 'XT'),
('XT22', 'XTBB', 'XTSW', 'XT'),
('XT23', 'XTBB', 'XTSW', 'XT'),
('XT24', 'XTBC', 'XTSW', 'XT'),
('XT25', 'XTBC', 'XTNW', 'XT'),
('XT26', 'XTBD', 'XTNW', 'XT'),
('XT27', 'XTBD', 'XTNW', 'XT'),
('XT28', 'XTBE', 'XTNW', 'XT'),
('XT29', 'XTBE', 'XTNW', 'XT'),
('XT30', 'XTBA', 'XTSW', 'XT'),
('XT31', 'XTBA', 'XTSW', 'XT'),
('XT32', 'XTBB', 'XTSW', 'XT'),
('XT33', 'XTBB', 'XTSW', 'XT'),
('XT34', 'XTBC', 'XTSW', 'XT'),
('XT35', 'XTBC', 'XTNW', 'XT'),
('XT36', 'XTBD', 'XTNW', 'XT'),
('XT37', 'XTBD', 'XTNW', 'XT'),
('XT38', 'XTBE', 'XTNW', 'XT'),
('XT39', 'XTBE', 'XTNW', 'XT'),
('XT40', 'XTCA', 'XTSW', 'XT'),
('XT41', 'XTCA', 'XTSW', 'XT'),
('XT44', 'XTCC', 'XTSW', 'XT'),
('XT45', 'XTCC', 'XTNW', 'XT'),
('XT46', 'XTCD', 'XTNW', 'XT'),
('XT47', 'XTCD', 'XTNW', 'XT'),
('XT50', 'XTCA', 'XTSE', 'XT'),
('XT54', 'XTCC', 'XTSE', 'XT'),
('XT55', 'XTCC', 'XTNE', 'XT'),
('XT56', 'XTCD', 'XTNE', 'XT'),
('XT60', 'XTDA', 'XTSE', 'XT');

# INSERT INTO `ordre` (`ordre_id`, `ordre_nom`) VALUES
# (1,'Odonata'),
# (2,'Phasmatodea'),
# (3,'Orthoptera'),
# (4,'Dictyoptera'),
# (5,'Dermaptera'),
# (6,'Coleoptera'),
# (7,'Lepidoptera'),
# (8,'Hymenoptera');
#
INSERT INTO `type_groupement_local` (`type_groupement_local_intitule`) VALUES
('groupe'),
('sous-groupe');
#
INSERT INTO `groupe` (`groupe_id`, `groupe_nom`, `groupe_type_type_groupement_local_intitule`) VALUES
(1,'Odonata','groupe'),
(2,'Orthoptera, Mantodea & Phasmatodea','groupe'),
(3,'Dermaptera','groupe'),
(4,'Cicindelinae','groupe'),
(5,'Carabinae','groupe'),
(6,'Scarabaeoidea','groupe'),
(7,'Cerambycidae','groupe'),
(8,'Zygaenidae','groupe'),
(9,'Hétérocères','groupe'),
(10,'Rhopalocères','groupe'),
(11,'Formicidae','groupe');

INSERT INTO `groupe` (`groupe_id`, `groupe_nom`, `groupe_pere_groupe_id`, `groupe_type_type_groupement_local_intitule`) VALUES
  (12,'Zygoptera',1, 'sous-groupe'),
  (13,'Anisoptera',1, 'sous-groupe'),
  (14,'Phasmatodea',2, 'sous-groupe'),
  (15,'Ensifera',2, 'sous-groupe'),
  (16,'Caelifera',2, 'sous-groupe'),
  (17,'Dictyoptera',2, 'sous-groupe'),
  (18,'Dermaptera',3, 'sous-groupe'),
  (19,'Cicindelinae',4, 'sous-groupe'),
  (20,'Calosomes',5, 'sous-groupe'),
  (21,'Carabes',5, 'sous-groupe'),
  (22,'Cychres',5, 'sous-groupe'),
  (23,'Lucanidae',6, 'sous-groupe'),
  (24,'Trogidae',6, 'sous-groupe'),
  (25,'Geotrupidae',6, 'sous-groupe'),
  (26,'Aegialiidae',6, 'sous-groupe'),
  (27,'Aphodiidae',6, 'sous-groupe'),
  (28,'Scarabaeidae',6, 'sous-groupe'),
  (29,'Melolonthidae',6, 'sous-groupe'),
  (30,'Rutelidae',6, 'sous-groupe'),
  (31,'Dynastidae',6, 'sous-groupe'),
  (32,'Cetoniidae',6, 'sous-groupe'),
  (33,'Prioninae',7, 'sous-groupe'),
  (34,'Lepturinae',7, 'sous-groupe'),
  (35,'Necydalinae',7, 'sous-groupe'),
  (36,'Spondylidinae',7, 'sous-groupe'),
  (37,'Cerambycinae',7, 'sous-groupe'),
  (38,'Lamiinae',7, 'sous-groupe'),
  (39,'Procridinae',8, 'sous-groupe'),
  (40,'Chalcosiinae',8, 'sous-groupe'),
  (41,'Zygaeninae',8, 'sous-groupe'),
  (42,'Lasiocampiidae',9, 'sous-groupe'),
  (43,'Bombycoidea',9, 'sous-groupe'),
  (44,'Hesperiidae',10, 'sous-groupe'),
  (45,'Papilionidae',10, 'sous-groupe'),
  (46,'Pieridae',10, 'sous-groupe'),
  (47,'Riodinidae',10, 'sous-groupe'),
  (48,'Lycaenidae',10, 'sous-groupe'),
  (49,'Nymphalidae',10, 'sous-groupe'),
  (50,'Drepanidae',9, 'sous-groupe'),
  (51,'Notodontidae',9, 'sous-groupe'),
  (52,'Lymantriinae',9, 'sous-groupe'),
  (53,'Arctiinae',9, 'sous-groupe'),
  (54,'Dolichoderinae',11, 'sous-groupe'),
  (55,'Formicinae',11, 'sous-groupe'),
  (56,'Mymicinae',11, 'sous-groupe'),
  (57,'Ponerinae',11, 'sous-groupe');

# INSERT INTO `super_famille` (`super_famille_id`, `super_famille_nom`,`super_famille_existe`,`super_famille_ordre_ordre_id`) VALUES
# (1,'Calopterygoidea',1,1),
# (2,'Lestoidea',1,1),
# (3,'Coenagrionoidea',1,1),
# (4,'Aeshnoidea',1,1),
# (5,'Cordulegastroidea',1,1),
# (6,'Libelluloidea',1,1),
# (7,'Bacillidae',0,2),
# (8,'Tettigonioidea',1,3),
# (9,'Grylloidea',1,3),
# (10,'Tetrigoidea',1,3),
# (11,'Acridoidea',1,3),
# (12,'Mantodea',1,4),
# (13,'Anisolabididae',0,5),
# (14,'Spongiphoridae',0,5),
# (15,'Labiduridae',0,5),
# (16,'Forficulidae',0,5),
# (17,'Caraboidea',1,6),
# (18,'Scarabaeoidea',1,6),
# (19,'Chrysomeloidea',1,6),
# (20,'Zygaenoidea',1,7),
# (21,'Lasiocampoidea',1,7),
# (22,'Bombycoidea',1,7),
# (23,'Papilionoidea',1,7),
# (24,'Drepanoidea',1,7),
# (25,'Noctuoidea',1,7),
# (26,'Vespoidea',1,8);
#
# INSERT INTO `famille` (`famille_id`, `famille_nom`,`famille_super_famille_super_famille_id`) VALUES
# (1,'Calopterygidae',1),
# (2,'Lestidae',2),
# (3,'Platycnemididae',3),
# (4,'Coenagrionidae',3),
# (5,'Aeshnidae',4),
# (6,'Gomphidae',4),
# (7,'Cordulegastridae',5),
# (8,'Corduliidae',6),
# (9,'Libellulidae',6),
# (10,'Bacillidae',7),
# (11,'Phaneropteridae',8),
# (12,'Meconematidae',8),
# (13,'Conocephalidae',8),
# (15,'Tettigoniidae',8),
# (17,'Bradyporidae',8),
# (18,'Gryllidae',9),
# (19,'Gryllotalpidae',9),
# (20,'Tetrigidae',10),
# (21,'Acrididae',11),
# (22,'Mantidae',12),
# (23,'Empusidae',12),
# (24,'Anisolabididae',13),
# (25,'Spongiphoridae',14),
# (26,'Labiduridae',15),
# (27,'Forficulidae',16),
# (28,'Carabidae',17),
# (29,'Lucanidae',18),
# (30,'Trogidae',18),
# (31,'Geotrupidae',18),
# (32,'Aegialiidae',18),
# (33,'Aphodiidae',18),
# (34,'Scarabaeidae',18),
# (35,'Melolonthidae',18),
# (36,'Rutelidae',18),
# (37,'Dynastidae',18),
# (38,'Cetoniidae',18),
# (39,'Cerambycidae',19),
# (40,'Zygaenidae',20),
# (41,'Lasiocampiidae',21),
# (42,'Endromidae',22),
# (43,'Saturniidae',22),
# (44,'Brahmaeidae',22),
# (45,'Sphingiidae',22),
# (46,'Hesperiidae',23),
# (47,'Papilionidae',23),
# (48,'Pieridae',23),
# (49,'Riodinidae',23),
# (50,'Lycaenidae',23),
# (51,'Nymphalidae',23),
# (52,'Drepanidae',24),
# (53,'Notodontidae',25),
# (55,'Erebidae',25),
# (56,'Formicidae',26);
#
# INSERT INTO `sous_famille` (`sous_famille_id`, `sous_famille_nom`,`sous_famille_existe`,`sous_famille_famille_famille_id`) VALUES
# (1,'',0,1),
# (2,'',0,1),
# (3,'',0,1),
# (4,'',0,2),
# (5,'',0,2),
# (6,'',0,2),
# (7,'',0,2),
# (8,'',0,2),
# (9,'',0,2),
# (10,'',0,2),
# (11,'',0,3),
# (12,'',0,3),
# (13,'',0,3),
# (14,'',0,4),
# (15,'',0,4),
# (16,'',0,4),
# (17,'',0,4),
# (18,'',0,4),
# (19,'',0,4),
# (20,'',0,4),
# (21,'',0,4),
# (22,'',0,4),
# (23,'',0,4),
# (24,'',0,4),
# (25,'',0,4),
# (26,'',0,5),
# (27,'',0,5),
# (28,'',0,5),
# (29,'',0,5),
# (30,'',0,5),
# (31,'',0,5),
# (32,'',0,5),
# (33,'',0,5),
# (34,'',0,5),
# (35,'',0,5),
# (36,'',0,5),
# (37,'',0,6),
# (38,'',0,6),
# (39,'',0,6),
# (40,'',0,6),
# (41,'',0,6),
# (42,'',0,6),
# (43,'',0,6),
# (44,'',0,6),
# (45,'',0,7),
# (46,'',0,8),
# (47,'',0,8),
# (48,'',0,8),
# (49,'',0,8),
# (50,'',0,9),
# (51,'',0,9),
# (52,'',0,9),
# (53,'',0,9),
# (54,'',0,9),
# (55,'',0,9),
# (56,'',0,9),
# (57,'',0,9),
# (58,'',0,9),
# (59,'',0,9),
# (60,'',0,9),
# (61,'',0,9),
# (62,'',0,9),
# (63,'',0,9),
# (64,'',0,9),
# (65,'',0,9),
# (66,'',0,9),
# (67,'',0,9),
# (68,'',0,9),
# (69,'',0,10),
# (70,'',0,11),
# (71,'',0,11),
# (72,'',0,11),
# (73,'',0,11),
# (74,'',0,11),
# (75,'',0,12),
# (76,'',0,12),
# (77,'',0,12),
# (78,'',0,13),
# (79,'',0,13),
# (80,'',0,13),
# (81,'',0,15),
# (82,'',0,15),
# (83,'',0,15),
# (84,'',0,15),
# (85,'',0,15),
# (86,'',0,15),
# (87,'',0,15),
# (88,'',0,15),
# (89,'',0,15),
# (90,'',0,15),
# (91,'',0,15),
# (92,'',0,15),
# (93,'',0,17),
# (94,'',0,17),
# (95,'',0,18),
# (96,'',0,18),
# (97,'',0,18),
# (98,'',0,18),
# (99,'',0,18),
# (100,'',0,18),
# (101,'',0,18),
# (102,'',0,18),
# (103,'',0,19),
# (104,'',0,20),
# (105,'',0,20),
# (106,'',0,20),
# (107,'',0,20),
# (108,'',0,20),
# (109,'',0,20),
# (110,'',0,20),
# (111,'',0,20),
# (112,'',0,21),
# (113,'',0,21),
# (114,'',0,21),
# (115,'',0,21),
# (116,'',0,21),
# (117,'',0,21),
# (118,'',0,21),
# (119,'',0,21),
# (120,'',0,21),
# (121,'',0,21),
# (122,'',0,21),
# (123,'',0,21),
# (124,'',0,21),
# (125,'',0,21),
# (126,'',0,21),
# (127,'',0,21),
# (128,'',0,21),
# (129,'',0,21),
# (130,'',0,21),
# (131,'',0,21),
# (132,'',0,21),
# (133,'',0,21),
# (134,'',0,21),
# (135,'',0,21),
# (136,'',0,21),
# (137,'',0,21),
# (138,'',0,21),
# (139,'',0,21),
# (140,'',0,21),
# (141,'',0,21),
# (142,'',0,21),
# (143,'',0,21),
# (144,'',0,21),
# (145,'',0,21),
# (146,'',0,21),
# (147,'',0,21),
# (148,'',0,21),
# (149,'',0,21),
# (150,'',0,22),
# (151,'',0,22),
# (152,'',0,23),
# (153,'',0,24),
# (154,'',0,24),
# (155,'',0,25),
# (156,'',0,26),
# (157,'',0,27),
# (158,'',0,27),
# (159,'',0,27),
# (160,'',0,27),
# (161,'',0,27),
# (162,'',0,27),
# (163,'Cicindelinae',1,28),
# (164,'Carabinae',1,28),
# (187,'',0,29),
# (188,'',0,29),
# (189,'',0,29),
# (190,'',0,29),
# (191,'',0,29),
# (192,'',0,30),
# (193,'',0,30),
# (194,'',0,30),
# (195,'',0,30),
# (196,'',0,30),
# (197,'',0,31),
# (198,'',0,31),
# (199,'',0,31),
# (200,'',0,31),
# (201,'',0,31),
# (202,'',0,31),
# (203,'',0,31),
# (204,'',0,31),
# (205,'',0,31),
# (206,'',0,32),
# (207,'',0,33),
# (208,'',0,33),
# (209,'',0,33),
# (210,'',0,33),
# (211,'',0,33),
# (212,'',0,33),
# (213,'',0,33),
# (214,'',0,33),
# (215,'',0,33),
# (216,'',0,33),
# (217,'',0,33),
# (218,'',0,33),
# (219,'',0,33),
# (220,'',0,33),
# (221,'',0,33),
# (222,'',0,33),
# (223,'',0,33),
# (224,'',0,33),
# (225,'',0,33),
# (226,'',0,33),
# (227,'',0,33),
# (228,'',0,33),
# (229,'',0,33),
# (230,'',0,33),
# (231,'',0,33),
# (232,'',0,33),
# (233,'',0,33),
# (234,'',0,33),
# (235,'',0,33),
# (236,'',0,33),
# (237,'',0,33),
# (238,'',0,33),
# (239,'',0,33),
# (240,'',0,33),
# (241,'',0,33),
# (242,'',0,33),
# (243,'',0,33),
# (244,'',0,33),
# (245,'',0,33),
# (246,'',0,33),
# (247,'',0,33),
# (248,'',0,33),
# (249,'',0,33),
# (250,'',0,33),
# (251,'',0,33),
# (252,'',0,33),
# (253,'',0,33),
# (254,'',0,34),
# (255,'',0,34),
# (256,'',0,34),
# (257,'',0,34),
# (258,'',0,34),
# (259,'',0,34),
# (260,'',0,34),
# (261,'',0,34),
# (262,'',0,34),
# (263,'',0,34),
# (264,'',0,34),
# (265,'',0,34),
# (266,'',0,34),
# (267,'',0,34),
# (268,'',0,34),
# (269,'',0,34),
# (270,'',0,34),
# (271,'',0,34),
# (272,'',0,34),
# (273,'',0,34),
# (274,'',0,34),
# (275,'',0,34),
# (276,'',0,34),
# (277,'',0,35),
# (278,'',0,35),
# (279,'',0,35),
# (280,'',0,35),
# (281,'',0,35),
# (282,'',0,35),
# (283,'',0,35),
# (284,'',0,35),
# (285,'',0,35),
# (286,'',0,35),
# (287,'',0,35),
# (288,'',0,35),
# (289,'',0,35),
# (290,'',0,36),
# (291,'',0,36),
# (292,'',0,36),
# (293,'',0,36),
# (294,'',0,36),
# (295,'',0,37),
# (296,'',0,37),
# (297,'',0,38),
# (298,'',0,38),
# (299,'',0,38),
# (300,'',0,38),
# (301,'',0,38),
# (302,'',0,38),
# (303,'',0,38),
# (304,'',0,38),
# (305,'',0,38),
# (306,'',0,38),
# (307,'',0,38),
# (308,'',0,38),
# (309,'',0,38),
# (310,'Prioninae',1,39),
# (311,'Lepturinae',1,39),
# (312,'Necydalinae',1,39),
# (313,'Spondylidinae',1,39),
# (314,'Cerambycinae',1,39),
# (315,'Lamiinae',1,39),
# (316,'Procridinae',1,40),
# (317,'Chalcosiinae',1,40),
# (318,'Zygaeninae',1,40),
# (469,'',0,41),
# (470,'',0,41),
# (471,'',0,41),
# (472,'',0,41),
# (473,'',0,41),
# (474,'',0,41),
# (475,'',0,41),
# (476,'',0,41),
# (477,'',0,41),
# (478,'',0,41),
# (479,'',0,41),
# (480,'',0,41),
# (481,'',0,41),
# (482,'',0,41),
# (483,'',0,41),
# (484,'',0,41),
# (485,'',0,41),
# (486,'',0,41),
# (487,'',0,42),
# (488,'',0,43),
# (489,'',0,43),
# (490,'',0,43),
# (491,'',0,44),
# (492,'',0,45),
# (493,'',0,45),
# (494,'',0,45),
# (495,'',0,45),
# (496,'',0,45),
# (497,'',0,45),
# (498,'',0,45),
# (499,'',0,45),
# (500,'',0,45),
# (501,'',0,45),
# (502,'',0,45),
# (503,'',0,45),
# (504,'',0,45),
# (505,'',0,45),
# (506,'',0,45),
# (507,'',0,45),
# (508,'',0,45),
# (509,'',0,45),
# (510,'',0,45),
# (511,'',0,45),
# (512,'',0,46),
# (513,'',0,46),
# (514,'',0,46),
# (515,'',0,46),
# (516,'',0,46),
# (517,'',0,46),
# (518,'',0,46),
# (519,'',0,46),
# (520,'',0,46),
# (521,'',0,46),
# (522,'',0,46),
# (523,'',0,46),
# (524,'',0,46),
# (525,'',0,46),
# (526,'',0,46),
# (527,'',0,46),
# (528,'',0,46),
# (529,'',0,47),
# (530,'',0,47),
# (531,'',0,48),
# (532,'',0,48),
# (533,'',0,48),
# (534,'',0,48),
# (535,'',0,48),
# (536,'',0,48),
# (537,'',0,48),
# (538,'',0,48),
# (539,'',0,48),
# (540,'',0,48),
# (541,'',0,48),
# (542,'',0,48),
# (543,'',0,48),
# (544,'',0,48),
# (545,'',0,49),
# (546,'',0,50),
# (547,'',0,50),
# (548,'',0,50),
# (549,'',0,50),
# (550,'',0,50),
# (551,'',0,50),
# (552,'',0,50),
# (553,'',0,50),
# (554,'',0,50),
# (555,'',0,50),
# (556,'',0,50),
# (557,'',0,50),
# (558,'',0,50),
# (559,'',0,50),
# (560,'',0,50),
# (561,'',0,50),
# (562,'',0,50),
# (563,'',0,50),
# (564,'',0,50),
# (565,'',0,50),
# (566,'',0,50),
# (567,'',0,50),
# (568,'',0,50),
# (569,'',0,50),
# (570,'',0,50),
# (571,'',0,50),
# (572,'',0,50),
# (573,'',0,50),
# (574,'',0,50),
# (575,'',0,50),
# (576,'',0,50),
# (577,'',0,50),
# (578,'',0,50),
# (579,'',0,51),
# (580,'',0,51),
# (581,'',0,51),
# (582,'',0,51),
# (583,'',0,51),
# (584,'',0,51),
# (585,'',0,51),
# (586,'',0,51),
# (587,'',0,51),
# (588,'',0,51),
# (589,'',0,51),
# (590,'',0,51),
# (591,'',0,51),
# (592,'',0,51),
# (593,'',0,51),
# (594,'',0,51),
# (595,'',0,51),
# (596,'',0,51),
# (597,'',0,51),
# (598,'',0,51),
# (599,'',0,51),
# (600,'',0,51),
# (601,'',0,51),
# (602,'',0,51),
# (603,'',0,51),
# (604,'',0,51),
# (605,'',0,51),
# (606,'',0,51),
# (607,'',0,51),
# (608,'',0,51),
# (609,'',0,51),
# (610,'',0,51),
# (611,'',0,51),
# (612,'',0,51),
# (613,'',0,51),
# (614,'',0,51),
# (615,'',0,51),
# (616,'',0,51),
# (617,'',0,51),
# (618,'',0,51),
# (619,'',0,51),
# (620,'',0,51),
# (621,'',0,51),
# (622,'',0,51),
# (623,'',0,51),
# (624,'',0,51),
# (625,'',0,51),
# (626,'',0,51),
# (627,'',0,51),
# (628,'',0,51),
# (629,'',0,51),
# (630,'',0,51),
# (631,'',0,51),
# (632,'',0,52),
# (633,'',0,52),
# (634,'',0,52),
# (635,'',0,52),
# (636,'',0,52),
# (637,'',0,52),
# (638,'',0,52),
# (639,'',0,52),
# (640,'',0,52),
# (641,'',0,52),
# (642,'',0,52),
# (643,'',0,52),
# (644,'',0,52),
# (645,'',0,52),
# (646,'',0,52),
# (647,'',0,52),
# (648,'',0,52),
# (649,'',0,52),
# (650,'',0,53),
# (651,'',0,53),
# (652,'',0,53),
# (653,'',0,53),
# (654,'',0,53),
# (655,'',0,53),
# (656,'',0,53),
# (657,'',0,53),
# (658,'',0,53),
# (659,'',0,53),
# (660,'',0,53),
# (661,'',0,53),
# (662,'',0,53),
# (663,'',0,53),
# (664,'',0,53),
# (665,'',0,53),
# (666,'',0,53),
# (667,'',0,53),
# (668,'',0,53),
# (669,'',0,53),
# (670,'',0,53),
# (671,'',0,53),
# (672,'',0,53),
# (673,'',0,53),
# (674,'',0,53),
# (675,'',0,53),
# (676,'',0,53),
# (677,'',0,53),
# (678,'',0,53),
# (679,'',0,53),
# (680,'',0,53),
# (681,'',0,53),
# (682,'',0,53),
# (683,'',0,53),
# (684,'Lymantriinae',1,55),
# (685,'Arctiinae',1,55),
# (686,'Dolichoderinae',1,56),
# (687,'Formicinae',1,56),
# (688,'Mymicinae',1,56),
# (689,'Ponerinae',1,56);

# --- !Downs

SET FOREIGN_KEY_CHECKS=0;

DELETE FROM departement;
DELETE FROM droits;
DELETE FROM confidentialite;
DELETE FROM utms;
# DELETE FROM ordre;
DELETE FROM type_groupement_local;
DELETE FROM groupe;
# DELETE FROM sous_groupe;
# DELETE FROM super_famille;
# DELETE FROM famille;
# DELETE FROM sous_famille;

SET FOREIGN_KEY_CHECKS=1;


